text,aspect,sentiment
老师讲课很清楚,教学质量,好评
这门课里老师讲课很好懂,教学质量,好评
整体来看授课思路非常清晰,教学质量,好评
从学习体验来说课堂讲解特别细致,教学质量,好评
就个人感受而言老师上课重点很明确,教学质量,好评
这学期上下来老师表达很流畅,教学质量,好评
按我的体验课堂内容讲得很扎实,教学质量,好评
结合平时上课情况老师讲课很有条理,教学质量,好评
从课程安排看讲课方式容易理解,教学质量,好评
从学生角度看课堂节奏把握得很好,教学质量,好评
老师讲课很清楚让我印象不错,教学质量,好评
这门课里老师讲课很好懂让我印象不错,教学质量,好评
整体来看授课思路非常清晰让我印象不错,教学质量,好评
从学习体验来说课堂讲解特别细致让我印象不错,教学质量,好评
就个人感受而言老师上课重点很明确让我印象不错,教学质量,好评
这学期上下来老师表达很流畅让我印象不错,教学质量,好评
按我的体验课堂内容讲得很扎实让我印象不错,教学质量,好评
结合平时上课情况老师讲课很有条理让我印象不错,教学质量,好评
从课程安排看讲课方式容易理解让我印象不错,教学质量,好评
从学生角度看课堂节奏把握得很好让我印象不错,教学质量,好评
老师讲课很清楚总体能接受,教学质量,好评
这门课里老师讲课很好懂总体能接受,教学质量,好评
整体来看授课思路非常清晰总体能接受,教学质量,好评
从学习体验来说课堂讲解特别细致总体能接受,教学质量,好评
就个人感受而言老师上课重点很明确总体能接受,教学质量,好评
这学期上下来老师表达很流畅总体能接受,教学质量,好评
按我的体验课堂内容讲得很扎实总体能接受,教学质量,好评
结合平时上课情况老师讲课很有条理总体能接受,教学质量,好评
从课程安排看讲课方式容易理解总体能接受,教学质量,好评
从学生角度看课堂节奏把握得很好总体能接受,教学质量,好评
老师讲课很清楚需要继续改进,教学质量,好评
这门课里老师讲课很好懂需要继续改进,教学质量,好评
整体来看授课思路非常清晰需要继续改进,教学质量,好评
从学习体验来说课堂讲解特别细致需要继续改进,教学质量,好评
就个人感受而言老师上课重点很明确需要继续改进,教学质量,好评
这学期上下来老师表达很流畅需要继续改进,教学质量,好评
按我的体验课堂内容讲得很扎实需要继续改进,教学质量,好评
结合平时上课情况老师讲课很有条理需要继续改进,教学质量,好评
从课程安排看讲课方式容易理解需要继续改进,教学质量,好评
从学生角度看课堂节奏把握得很好需要继续改进,教学质量,好评
老师讲课很清楚比我预想更明显,教学质量,好评
这门课里老师讲课很好懂比我预想更明显,教学质量,好评
整体来看授课思路非常清晰比我预想更明显,教学质量,好评
从学习体验来说课堂讲解特别细致比我预想更明显,教学质量,好评
就个人感受而言老师上课重点很明确比我预想更明显,教学质量,好评
这学期上下来老师表达很流畅比我预想更明显,教学质量,好评
按我的体验课堂内容讲得很扎实比我预想更明显,教学质量,好评
结合平时上课情况老师讲课很有条理比我预想更明显,教学质量,好评
从课程安排看讲课方式容易理解比我预想更明显,教学质量,好评
从学生角度看课堂节奏把握得很好比我预想更明显,教学质量,好评
老师讲课很清楚这一点感受很直接,教学质量,好评
这门课里老师讲课很好懂这一点感受很直接,教学质量,好评
整体来看授课思路非常清晰这一点感受很直接,教学质量,好评
从学习体验来说课堂讲解特别细致这一点感受很直接,教学质量,好评
就个人感受而言老师上课重点很明确这一点感受很直接,教学质量,好评
这学期上下来老师表达很流畅这一点感受很直接,教学质量,好评
按我的体验课堂内容讲得很扎实这一点感受很直接,教学质量,好评
结合平时上课情况老师讲课很有条理这一点感受很直接,教学质量,好评
从课程安排看讲课方式容易理解这一点感受很直接,教学质量,好评
从学生角度看课堂节奏把握得很好这一点感受很直接,教学质量,好评
老师讲课很清楚我能明显感觉到,教学质量,好评
这门课里老师讲课很好懂我能明显感觉到,教学质量,好评
整体来看授课思路非常清晰我能明显感觉到,教学质量,好评
从学习体验来说课堂讲解特别细致我能明显感觉到,教学质量,好评
就个人感受而言老师上课重点很明确我能明显感觉到,教学质量,好评
这学期上下来老师表达很流畅我能明显感觉到,教学质量,好评
按我的体验课堂内容讲得很扎实我能明显感觉到,教学质量,好评
结合平时上课情况老师讲课很有条理我能明显感觉到,教学质量,好评
从课程安排看讲课方式容易理解我能明显感觉到,教学质量,好评
从学生角度看课堂节奏把握得很好我能明显感觉到,教学质量,好评
老师讲课很清楚这一点比较突出,教学质量,好评
这门课里老师讲课很好懂这一点比较突出,教学质量,好评
整体来看授课思路非常清晰这一点比较突出,教学质量,好评
从学习体验来说课堂讲解特别细致这一点比较突出,教学质量,好评
就个人感受而言老师上课重点很明确这一点比较突出,教学质量,好评
这学期上下来老师表达很流畅这一点比较突出,教学质量,好评
按我的体验课堂内容讲得很扎实这一点比较突出,教学质量,好评
结合平时上课情况老师讲课很有条理这一点比较突出,教学质量,好评
从课程安排看讲课方式容易理解这一点比较突出,教学质量,好评
从学生角度看课堂节奏把握得很好这一点比较突出,教学质量,好评
老师讲课比较一般,教学质量,中评
这门课里授课效果中规中矩,教学质量,中评
整体来看课堂讲解没有太大亮点,教学质量,中评
从学习体验来说老师表达算是正常,教学质量,中评
就个人感受而言上课听下来感觉一般,教学质量,中评
这学期上下来老师讲课水平比较平稳,教学质量,中评
按我的体验课堂内容讲得还可以,教学质量,中评
结合平时上课情况老师讲课不算差也不算好,教学质量,中评
从课程安排看授课方式比较普通,教学质量,中评
从学生角度看课堂效果总体一般,教学质量,中评
老师讲课比较一般让我印象不错,教学质量,中评
这门课里授课效果中规中矩让我印象不错,教学质量,中评
整体来看课堂讲解没有太大亮点让我印象不错,教学质量,中评
从学习体验来说老师表达算是正常让我印象不错,教学质量,中评
就个人感受而言上课听下来感觉一般让我印象不错,教学质量,中评
这学期上下来老师讲课水平比较平稳让我印象不错,教学质量,中评
按我的体验课堂内容讲得还可以让我印象不错,教学质量,中评
结合平时上课情况老师讲课不算差也不算好让我印象不错,教学质量,中评
从课程安排看授课方式比较普通让我印象不错,教学质量,中评
从学生角度看课堂效果总体一般让我印象不错,教学质量,中评
老师讲课比较一般总体能接受,教学质量,中评
这门课里授课效果中规中矩总体能接受,教学质量,中评
整体来看课堂讲解没有太大亮点总体能接受,教学质量,中评
从学习体验来说老师表达算是正常总体能接受,教学质量,中评
就个人感受而言上课听下来感觉一般总体能接受,教学质量,中评
这学期上下来老师讲课水平比较平稳总体能接受,教学质量,中评
按我的体验课堂内容讲得还可以总体能接受,教学质量,中评
结合平时上课情况老师讲课不算差也不算好总体能接受,教学质量,中评
从课程安排看授课方式比较普通总体能接受,教学质量,中评
从学生角度看课堂效果总体一般总体能接受,教学质量,中评
老师讲课比较一般需要继续改进,教学质量,中评
这门课里授课效果中规中矩需要继续改进,教学质量,中评
整体来看课堂讲解没有太大亮点需要继续改进,教学质量,中评
从学习体验来说老师表达算是正常需要继续改进,教学质量,中评
就个人感受而言上课听下来感觉一般需要继续改进,教学质量,中评
这学期上下来老师讲课水平比较平稳需要继续改进,教学质量,中评
按我的体验课堂内容讲得还可以需要继续改进,教学质量,中评
结合平时上课情况老师讲课不算差也不算好需要继续改进,教学质量,中评
从课程安排看授课方式比较普通需要继续改进,教学质量,中评
从学生角度看课堂效果总体一般需要继续改进,教学质量,中评
老师讲课比较一般比我预想更明显,教学质量,中评
这门课里授课效果中规中矩比我预想更明显,教学质量,中评
整体来看课堂讲解没有太大亮点比我预想更明显,教学质量,中评
从学习体验来说老师表达算是正常比我预想更明显,教学质量,中评
就个人感受而言上课听下来感觉一般比我预想更明显,教学质量,中评
这学期上下来老师讲课水平比较平稳比我预想更明显,教学质量,中评
按我的体验课堂内容讲得还可以比我预想更明显,教学质量,中评
结合平时上课情况老师讲课不算差也不算好比我预想更明显,教学质量,中评
从课程安排看授课方式比较普通比我预想更明显,教学质量,中评
从学生角度看课堂效果总体一般比我预想更明显,教学质量,中评
老师讲课比较一般这一点感受很直接,教学质量,中评
这门课里授课效果中规中矩这一点感受很直接,教学质量,中评
整体来看课堂讲解没有太大亮点这一点感受很直接,教学质量,中评
从学习体验来说老师表达算是正常这一点感受很直接,教学质量,中评
就个人感受而言上课听下来感觉一般这一点感受很直接,教学质量,中评
这学期上下来老师讲课水平比较平稳这一点感受很直接,教学质量,中评
按我的体验课堂内容讲得还可以这一点感受很直接,教学质量,中评
结合平时上课情况老师讲课不算差也不算好这一点感受很直接,教学质量,中评
从课程安排看授课方式比较普通这一点感受很直接,教学质量,中评
从学生角度看课堂效果总体一般这一点感受很直接,教学质量,中评
老师讲课比较一般我能明显感觉到,教学质量,中评
这门课里授课效果中规中矩我能明显感觉到,教学质量,中评
整体来看课堂讲解没有太大亮点我能明显感觉到,教学质量,中评
从学习体验来说老师表达算是正常我能明显感觉到,教学质量,中评
就个人感受而言上课听下来感觉一般我能明显感觉到,教学质量,中评
这学期上下来老师讲课水平比较平稳我能明显感觉到,教学质量,中评
按我的体验课堂内容讲得还可以我能明显感觉到,教学质量,中评
结合平时上课情况老师讲课不算差也不算好我能明显感觉到,教学质量,中评
从课程安排看授课方式比较普通我能明显感觉到,教学质量,中评
从学生角度看课堂效果总体一般我能明显感觉到,教学质量,中评
老师讲课比较一般这一点比较突出,教学质量,中评
这门课里授课效果中规中矩这一点比较突出,教学质量,中评
整体来看课堂讲解没有太大亮点这一点比较突出,教学质量,中评
从学习体验来说老师表达算是正常这一点比较突出,教学质量,中评
就个人感受而言上课听下来感觉一般这一点比较突出,教学质量,中评
这学期上下来老师讲课水平比较平稳这一点比较突出,教学质量,中评
按我的体验课堂内容讲得还可以这一点比较突出,教学质量,中评
结合平时上课情况老师讲课不算差也不算好这一点比较突出,教学质量,中评
从课程安排看授课方式比较普通这一点比较突出,教学质量,中评
从学生角度看课堂效果总体一般这一点比较突出,教学质量,中评
老师讲课不够清楚,教学质量,差评
这门课里老师讲课比较混乱,教学质量,差评
整体来看课堂讲解很难听懂,教学质量,差评
从学习体验来说授课思路不太清晰,教学质量,差评
就个人感受而言老师上课重点不明确,教学质量,差评
这学期上下来老师表达比较含糊,教学质量,差评
按我的体验课堂内容讲得很散,教学质量,差评
结合平时上课情况老师讲课节奏太乱,教学质量,差评
从课程安排看讲课方式不容易理解,教学质量,差评
从学生角度看课堂效果比较差,教学质量,差评
老师讲课不够清楚让我印象不错,教学质量,差评
这门课里老师讲课比较混乱让我印象不错,教学质量,差评
整体来看课堂讲解很难听懂让我印象不错,教学质量,差评
从学习体验来说授课思路不太清晰让我印象不错,教学质量,差评
就个人感受而言老师上课重点不明确让我印象不错,教学质量,差评
这学期上下来老师表达比较含糊让我印象不错,教学质量,差评
按我的体验课堂内容讲得很散让我印象不错,教学质量,差评
结合平时上课情况老师讲课节奏太乱让我印象不错,教学质量,差评
从课程安排看讲课方式不容易理解让我印象不错,教学质量,差评
从学生角度看课堂效果比较差让我印象不错,教学质量,差评
老师讲课不够清楚总体能接受,教学质量,差评
这门课里老师讲课比较混乱总体能接受,教学质量,差评
整体来看课堂讲解很难听懂总体能接受,教学质量,差评
从学习体验来说授课思路不太清晰总体能接受,教学质量,差评
就个人感受而言老师上课重点不明确总体能接受,教学质量,差评
这学期上下来老师表达比较含糊总体能接受,教学质量,差评
按我的体验课堂内容讲得很散总体能接受,教学质量,差评
结合平时上课情况老师讲课节奏太乱总体能接受,教学质量,差评
从课程安排看讲课方式不容易理解总体能接受,教学质量,差评
从学生角度看课堂效果比较差总体能接受,教学质量,差评
老师讲课不够清楚需要继续改进,教学质量,差评
这门课里老师讲课比较混乱需要继续改进,教学质量,差评
整体来看课堂讲解很难听懂需要继续改进,教学质量,差评
从学习体验来说授课思路不太清晰需要继续改进,教学质量,差评
就个人感受而言老师上课重点不明确需要继续改进,教学质量,差评
这学期上下来老师表达比较含糊需要继续改进,教学质量,差评
按我的体验课堂内容讲得很散需要继续改进,教学质量,差评
结合平时上课情况老师讲课节奏太乱需要继续改进,教学质量,差评
从课程安排看讲课方式不容易理解需要继续改进,教学质量,差评
从学生角度看课堂效果比较差需要继续改进,教学质量,差评
老师讲课不够清楚比我预想更明显,教学质量,差评
这门课里老师讲课比较混乱比我预想更明显,教学质量,差评
整体来看课堂讲解很难听懂比我预想更明显,教学质量,差评
从学习体验来说授课思路不太清晰比我预想更明显,教学质量,差评
就个人感受而言老师上课重点不明确比我预想更明显,教学质量,差评
这学期上下来老师表达比较含糊比我预想更明显,教学质量,差评
按我的体验课堂内容讲得很散比我预想更明显,教学质量,差评
结合平时上课情况老师讲课节奏太乱比我预想更明显,教学质量,差评
从课程安排看讲课方式不容易理解比我预想更明显,教学质量,差评
从学生角度看课堂效果比较差比我预想更明显,教学质量,差评
老师讲课不够清楚这一点感受很直接,教学质量,差评
这门课里老师讲课比较混乱这一点感受很直接,教学质量,差评
整体来看课堂讲解很难听懂这一点感受很直接,教学质量,差评
从学习体验来说授课思路不太清晰这一点感受很直接,教学质量,差评
就个人感受而言老师上课重点不明确这一点感受很直接,教学质量,差评
这学期上下来老师表达比较含糊这一点感受很直接,教学质量,差评
按我的体验课堂内容讲得很散这一点感受很直接,教学质量,差评
结合平时上课情况老师讲课节奏太乱这一点感受很直接,教学质量,差评
从课程安排看讲课方式不容易理解这一点感受很直接,教学质量,差评
从学生角度看课堂效果比较差这一点感受很直接,教学质量,差评
老师讲课不够清楚我能明显感觉到,教学质量,差评
这门课里老师讲课比较混乱我能明显感觉到,教学质量,差评
整体来看课堂讲解很难听懂我能明显感觉到,教学质量,差评
从学习体验来说授课思路不太清晰我能明显感觉到,教学质量,差评
就个人感受而言老师上课重点不明确我能明显感觉到,教学质量,差评
这学期上下来老师表达比较含糊我能明显感觉到,教学质量,差评
按我的体验课堂内容讲得很散我能明显感觉到,教学质量,差评
结合平时上课情况老师讲课节奏太乱我能明显感觉到,教学质量,差评
从课程安排看讲课方式不容易理解我能明显感觉到,教学质量,差评
从学生角度看课堂效果比较差我能明显感觉到,教学质量,差评
老师讲课不够清楚这一点比较突出,教学质量,差评
这门课里老师讲课比较混乱这一点比较突出,教学质量,差评
整体来看课堂讲解很难听懂这一点比较突出,教学质量,差评
从学习体验来说授课思路不太清晰这一点比较突出,教学质量,差评
就个人感受而言老师上课重点不明确这一点比较突出,教学质量,差评
这学期上下来老师表达比较含糊这一点比较突出,教学质量,差评
按我的体验课堂内容讲得很散这一点比较突出,教学质量,差评
结合平时上课情况老师讲课节奏太乱这一点比较突出,教学质量,差评
从课程安排看讲课方式不容易理解这一点比较突出,教学质量,差评
从学生角度看课堂效果比较差这一点比较突出,教学质量,差评
作业安排很合理,作业负担,好评
这门课里作业量比较合适,作业负担,好评
整体来看平时任务负担不重,作业负担,好评
从学习体验来说作业布置比较轻松,作业负担,好评
就个人感受而言课后练习数量适中,作业负担,好评
这学期上下来作业要求比较合理,作业负担,好评
按我的体验平时任务安排很友好,作业负担,好评
结合平时上课情况作业量控制得不错,作业负担,好评
从课程安排看课后任务不会太多,作业负担,好评
从学生角度看作业负担比较轻,作业负担,好评
作业安排很合理让我印象不错,作业负担,好评
这门课里作业量比较合适让我印象不错,作业负担,好评
整体来看平时任务负担不重让我印象不错,作业负担,好评
从学习体验来说作业布置比较轻松让我印象不错,作业负担,好评
就个人感受而言课后练习数量适中让我印象不错,作业负担,好评
这学期上下来作业要求比较合理让我印象不错,作业负担,好评
按我的体验平时任务安排很友好让我印象不错,作业负担,好评
结合平时上课情况作业量控制得不错让我印象不错,作业负担,好评
从课程安排看课后任务不会太多让我印象不错,作业负担,好评
从学生角度看作业负担比较轻让我印象不错,作业负担,好评
作业安排很合理总体能接受,作业负担,好评
这门课里作业量比较合适总体能接受,作业负担,好评
整体来看平时任务负担不重总体能接受,作业负担,好评
从学习体验来说作业布置比较轻松总体能接受,作业负担,好评
就个人感受而言课后练习数量适中总体能接受,作业负担,好评
这学期上下来作业要求比较合理总体能接受,作业负担,好评
按我的体验平时任务安排很友好总体能接受,作业负担,好评
结合平时上课情况作业量控制得不错总体能接受,作业负担,好评
从课程安排看课后任务不会太多总体能接受,作业负担,好评
从学生角度看作业负担比较轻总体能接受,作业负担,好评
作业安排很合理需要继续改进,作业负担,好评
这门课里作业量比较合适需要继续改进,作业负担,好评
整体来看平时任务负担不重需要继续改进,作业负担,好评
从学习体验来说作业布置比较轻松需要继续改进,作业负担,好评
就个人感受而言课后练习数量适中需要继续改进,作业负担,好评
这学期上下来作业要求比较合理需要继续改进,作业负担,好评
按我的体验平时任务安排很友好需要继续改进,作业负担,好评
结合平时上课情况作业量控制得不错需要继续改进,作业负担,好评
从课程安排看课后任务不会太多需要继续改进,作业负担,好评
从学生角度看作业负担比较轻需要继续改进,作业负担,好评
作业安排很合理比我预想更明显,作业负担,好评
这门课里作业量比较合适比我预想更明显,作业负担,好评
整体来看平时任务负担不重比我预想更明显,作业负担,好评
从学习体验来说作业布置比较轻松比我预想更明显,作业负担,好评
就个人感受而言课后练习数量适中比我预想更明显,作业负担,好评
这学期上下来作业要求比较合理比我预想更明显,作业负担,好评
按我的体验平时任务安排很友好比我预想更明显,作业负担,好评
结合平时上课情况作业量控制得不错比我预想更明显,作业负担,好评
从课程安排看课后任务不会太多比我预想更明显,作业负担,好评
从学生角度看作业负担比较轻比我预想更明显,作业负担,好评
作业安排很合理这一点感受很直接,作业负担,好评
这门课里作业量比较合适这一点感受很直接,作业负担,好评
整体来看平时任务负担不重这一点感受很直接,作业负担,好评
从学习体验来说作业布置比较轻松这一点感受很直接,作业负担,好评
就个人感受而言课后练习数量适中这一点感受很直接,作业负担,好评
这学期上下来作业要求比较合理这一点感受很直接,作业负担,好评
按我的体验平时任务安排很友好这一点感受很直接,作业负担,好评
结合平时上课情况作业量控制得不错这一点感受很直接,作业负担,好评
从课程安排看课后任务不会太多这一点感受很直接,作业负担,好评
从学生角度看作业负担比较轻这一点感受很直接,作业负担,好评
作业安排很合理我能明显感觉到,作业负担,好评
这门课里作业量比较合适我能明显感觉到,作业负担,好评
整体来看平时任务负担不重我能明显感觉到,作业负担,好评
从学习体验来说作业布置比较轻松我能明显感觉到,作业负担,好评
就个人感受而言课后练习数量适中我能明显感觉到,作业负担,好评
这学期上下来作业要求比较合理我能明显感觉到,作业负担,好评
按我的体验平时任务安排很友好我能明显感觉到,作业负担,好评
结合平时上课情况作业量控制得不错我能明显感觉到,作业负担,好评
从课程安排看课后任务不会太多我能明显感觉到,作业负担,好评
从学生角度看作业负担比较轻我能明显感觉到,作业负担,好评
作业安排很合理这一点比较突出,作业负担,好评
这门课里作业量比较合适这一点比较突出,作业负担,好评
整体来看平时任务负担不重这一点比较突出,作业负担,好评
从学习体验来说作业布置比较轻松这一点比较突出,作业负担,好评
就个人感受而言课后练习数量适中这一点比较突出,作业负担,好评
这学期上下来作业要求比较合理这一点比较突出,作业负担,好评
按我的体验平时任务安排很友好这一点比较突出,作业负担,好评
结合平时上课情况作业量控制得不错这一点比较突出,作业负担,好评
从课程安排看课后任务不会太多这一点比较突出,作业负担,好评
从学生角度看作业负担比较轻这一点比较突出,作业负担,好评
作业量比较一般,作业负担,中评
这门课里平时任务不多不少,作业负担,中评
整体来看作业安排中规中矩,作业负担,中评
从学习体验来说课后练习数量一般,作业负担,中评
就个人感受而言作业负担还算正常,作业负担,中评
这学期上下来作业要求没有太大问题,作业负担,中评
按我的体验平时任务安排比较普通,作业负担,中评
结合平时上课情况作业量勉强可以接受,作业负担,中评
从课程安排看课后任务整体一般,作业负担,中评
从学生角度看作业压力不算明显,作业负担,中评
作业量比较一般让我印象不错,作业负担,中评
这门课里平时任务不多不少让我印象不错,作业负担,中评
整体来看作业安排中规中矩让我印象不错,作业负担,中评
从学习体验来说课后练习数量一般让我印象不错,作业负担,中评
就个人感受而言作业负担还算正常让我印象不错,作业负担,中评
这学期上下来作业要求没有太大问题让我印象不错,作业负担,中评
按我的体验平时任务安排比较普通让我印象不错,作业负担,中评
结合平时上课情况作业量勉强可以接受让我印象不错,作业负担,中评
从课程安排看课后任务整体一般让我印象不错,作业负担,中评
从学生角度看作业压力不算明显让我印象不错,作业负担,中评
作业量比较一般总体能接受,作业负担,中评
这门课里平时任务不多不少总体能接受,作业负担,中评
整体来看作业安排中规中矩总体能接受,作业负担,中评
从学习体验来说课后练习数量一般总体能接受,作业负担,中评
就个人感受而言作业负担还算正常总体能接受,作业负担,中评
这学期上下来作业要求没有太大问题总体能接受,作业负担,中评
按我的体验平时任务安排比较普通总体能接受,作业负担,中评
结合平时上课情况作业量勉强可以接受总体能接受,作业负担,中评
从课程安排看课后任务整体一般总体能接受,作业负担,中评
从学生角度看作业压力不算明显总体能接受,作业负担,中评
作业量比较一般需要继续改进,作业负担,中评
这门课里平时任务不多不少需要继续改进,作业负担,中评
整体来看作业安排中规中矩需要继续改进,作业负担,中评
从学习体验来说课后练习数量一般需要继续改进,作业负担,中评
就个人感受而言作业负担还算正常需要继续改进,作业负担,中评
这学期上下来作业要求没有太大问题需要继续改进,作业负担,中评
按我的体验平时任务安排比较普通需要继续改进,作业负担,中评
结合平时上课情况作业量勉强可以接受需要继续改进,作业负担,中评
从课程安排看课后任务整体一般需要继续改进,作业负担,中评
从学生角度看作业压力不算明显需要继续改进,作业负担,中评
作业量比较一般比我预想更明显,作业负担,中评
这门课里平时任务不多不少比我预想更明显,作业负担,中评
整体来看作业安排中规中矩比我预想更明显,作业负担,中评
从学习体验来说课后练习数量一般比我预想更明显,作业负担,中评
就个人感受而言作业负担还算正常比我预想更明显,作业负担,中评
这学期上下来作业要求没有太大问题比我预想更明显,作业负担,中评
按我的体验平时任务安排比较普通比我预想更明显,作业负担,中评
结合平时上课情况作业量勉强可以接受比我预想更明显,作业负担,中评
从课程安排看课后任务整体一般比我预想更明显,作业负担,中评
从学生角度看作业压力不算明显比我预想更明显,作业负担,中评
作业量比较一般这一点感受很直接,作业负担,中评
这门课里平时任务不多不少这一点感受很直接,作业负担,中评
整体来看作业安排中规中矩这一点感受很直接,作业负担,中评
从学习体验来说课后练习数量一般这一点感受很直接,作业负担,中评
就个人感受而言作业负担还算正常这一点感受很直接,作业负担,中评
这学期上下来作业要求没有太大问题这一点感受很直接,作业负担,中评
按我的体验平时任务安排比较普通这一点感受很直接,作业负担,中评
结合平时上课情况作业量勉强可以接受这一点感受很直接,作业负担,中评
从课程安排看课后任务整体一般这一点感受很直接,作业负担,中评
从学生角度看作业压力不算明显这一点感受很直接,作业负担,中评
作业量比较一般我能明显感觉到,作业负担,中评
这门课里平时任务不多不少我能明显感觉到,作业负担,中评
整体来看作业安排中规中矩我能明显感觉到,作业负担,中评
从学习体验来说课后练习数量一般我能明显感觉到,作业负担,中评
就个人感受而言作业负担还算正常我能明显感觉到,作业负担,中评
这学期上下来作业要求没有太大问题我能明显感觉到,作业负担,中评
按我的体验平时任务安排比较普通我能明显感觉到,作业负担,中评
结合平时上课情况作业量勉强可以接受我能明显感觉到,作业负担,中评
从课程安排看课后任务整体一般我能明显感觉到,作业负担,中评
从学生角度看作业压力不算明显我能明显感觉到,作业负担,中评
作业量比较一般这一点比较突出,作业负担,中评
这门课里平时任务不多不少这一点比较突出,作业负担,中评
整体来看作业安排中规中矩这一点比较突出,作业负担,中评
从学习体验来说课后练习数量一般这一点比较突出,作业负担,中评
就个人感受而言作业负担还算正常这一点比较突出,作业负担,中评
这学期上下来作业要求没有太大问题这一点比较突出,作业负担,中评
按我的体验平时任务安排比较普通这一点比较突出,作业负担,中评
结合平时上课情况作业量勉强可以接受这一点比较突出,作业负担,中评
从课程安排看课后任务整体一般这一点比较突出,作业负担,中评
从学生角度看作业压力不算明显这一点比较突出,作业负担,中评
作业实在太多了,作业负担,差评
这门课里平时任务负担很重,作业负担,差评
整体来看作业安排非常密集,作业负担,差评
从学习体验来说课后练习数量太多,作业负担,差评
就个人感受而言作业压力比较大,作业负担,差评
这学期上下来作业要求有点过多,作业负担,差评
按我的体验平时任务安排很累,作业负担,差评
结合平时上课情况作业量明显偏大,作业负担,差评
从课程安排看课后任务太占时间,作业负担,差评
从学生角度看作业负担非常重,作业负担,差评
作业实在太多了让我印象不错,作业负担,差评
这门课里平时任务负担很重让我印象不错,作业负担,差评
整体来看作业安排非常密集让我印象不错,作业负担,差评
从学习体验来说课后练习数量太多让我印象不错,作业负担,差评
就个人感受而言作业压力比较大让我印象不错,作业负担,差评
这学期上下来作业要求有点过多让我印象不错,作业负担,差评
按我的体验平时任务安排很累让我印象不错,作业负担,差评
结合平时上课情况作业量明显偏大让我印象不错,作业负担,差评
从课程安排看课后任务太占时间让我印象不错,作业负担,差评
从学生角度看作业负担非常重让我印象不错,作业负担,差评
作业实在太多了总体能接受,作业负担,差评
这门课里平时任务负担很重总体能接受,作业负担,差评
整体来看作业安排非常密集总体能接受,作业负担,差评
从学习体验来说课后练习数量太多总体能接受,作业负担,差评
就个人感受而言作业压力比较大总体能接受,作业负担,差评
这学期上下来作业要求有点过多总体能接受,作业负担,差评
按我的体验平时任务安排很累总体能接受,作业负担,差评
结合平时上课情况作业量明显偏大总体能接受,作业负担,差评
从课程安排看课后任务太占时间总体能接受,作业负担,差评
从学生角度看作业负担非常重总体能接受,作业负担,差评
作业实在太多了需要继续改进,作业负担,差评
这门课里平时任务负担很重需要继续改进,作业负担,差评
整体来看作业安排非常密集需要继续改进,作业负担,差评
从学习体验来说课后练习数量太多需要继续改进,作业负担,差评
就个人感受而言作业压力比较大需要继续改进,作业负担,差评
这学期上下来作业要求有点过多需要继续改进,作业负担,差评
按我的体验平时任务安排很累需要继续改进,作业负担,差评
结合平时上课情况作业量明显偏大需要继续改进,作业负担,差评
从课程安排看课后任务太占时间需要继续改进,作业负担,差评
从学生角度看作业负担非常重需要继续改进,作业负担,差评
作业实在太多了比我预想更明显,作业负担,差评
这门课里平时任务负担很重比我预想更明显,作业负担,差评
整体来看作业安排非常密集比我预想更明显,作业负担,差评
从学习体验来说课后练习数量太多比我预想更明显,作业负担,差评
就个人感受而言作业压力比较大比我预想更明显,作业负担,差评
这学期上下来作业要求有点过多比我预想更明显,作业负担,差评
按我的体验平时任务安排很累比我预想更明显,作业负担,差评
结合平时上课情况作业量明显偏大比我预想更明显,作业负担,差评
从课程安排看课后任务太占时间比我预想更明显,作业负担,差评
从学生角度看作业负担非常重比我预想更明显,作业负担,差评
作业实在太多了这一点感受很直接,作业负担,差评
这门课里平时任务负担很重这一点感受很直接,作业负担,差评
整体来看作业安排非常密集这一点感受很直接,作业负担,差评
从学习体验来说课后练习数量太多这一点感受很直接,作业负担,差评
就个人感受而言作业压力比较大这一点感受很直接,作业负担,差评
这学期上下来作业要求有点过多这一点感受很直接,作业负担,差评
按我的体验平时任务安排很累这一点感受很直接,作业负担,差评
结合平时上课情况作业量明显偏大这一点感受很直接,作业负担,差评
从课程安排看课后任务太占时间这一点感受很直接,作业负担,差评
从学生角度看作业负担非常重这一点感受很直接,作业负担,差评
作业实在太多了我能明显感觉到,作业负担,差评
这门课里平时任务负担很重我能明显感觉到,作业负担,差评
整体来看作业安排非常密集我能明显感觉到,作业负担,差评
从学习体验来说课后练习数量太多我能明显感觉到,作业负担,差评
就个人感受而言作业压力比较大我能明显感觉到,作业负担,差评
这学期上下来作业要求有点过多我能明显感觉到,作业负担,差评
按我的体验平时任务安排很累我能明显感觉到,作业负担,差评
结合平时上课情况作业量明显偏大我能明显感觉到,作业负担,差评
从课程安排看课后任务太占时间我能明显感觉到,作业负担,差评
从学生角度看作业负担非常重我能明显感觉到,作业负担,差评
作业实在太多了这一点比较突出,作业负担,差评
这门课里平时任务负担很重这一点比较突出,作业负担,差评
整体来看作业安排非常密集这一点比较突出,作业负担,差评
从学习体验来说课后练习数量太多这一点比较突出,作业负担,差评
就个人感受而言作业压力比较大这一点比较突出,作业负担,差评
这学期上下来作业要求有点过多这一点比较突出,作业负担,差评
按我的体验平时任务安排很累这一点比较突出,作业负担,差评
结合平时上课情况作业量明显偏大这一点比较突出,作业负担,差评
从课程安排看课后任务太占时间这一点比较突出,作业负担,差评
从学生角度看作业负担非常重这一点比较突出,作业负担,差评
课程内容很充实,课程内容,好评
这门课里课程内容非常实用,课程内容,好评
整体来看上课内容很有价值,课程内容,好评
从学习体验来说课程知识点安排得很好,课程内容,好评
就个人感受而言课程内容比较新颖,课程内容,好评
这学期上下来课程内容很有深度,课程内容,好评
按我的体验教学内容非常丰富,课程内容,好评
结合平时上课情况课程知识结构很完整,课程内容,好评
从课程安排看上课内容很值得学习,课程内容,好评
从学生角度看课程内容设计得不错,课程内容,好评
课程内容很充实让我印象不错,课程内容,好评
这门课里课程内容非常实用让我印象不错,课程内容,好评
整体来看上课内容很有价值让我印象不错,课程内容,好评
从学习体验来说课程知识点安排得很好让我印象不错,课程内容,好评
就个人感受而言课程内容比较新颖让我印象不错,课程内容,好评
这学期上下来课程内容很有深度让我印象不错,课程内容,好评
按我的体验教学内容非常丰富让我印象不错,课程内容,好评
结合平时上课情况课程知识结构很完整让我印象不错,课程内容,好评
从课程安排看上课内容很值得学习让我印象不错,课程内容,好评
从学生角度看课程内容设计得不错让我印象不错,课程内容,好评
课程内容很充实总体能接受,课程内容,好评
这门课里课程内容非常实用总体能接受,课程内容,好评
整体来看上课内容很有价值总体能接受,课程内容,好评
从学习体验来说课程知识点安排得很好总体能接受,课程内容,好评
就个人感受而言课程内容比较新颖总体能接受,课程内容,好评
这学期上下来课程内容很有深度总体能接受,课程内容,好评
按我的体验教学内容非常丰富总体能接受,课程内容,好评
结合平时上课情况课程知识结构很完整总体能接受,课程内容,好评
从课程安排看上课内容很值得学习总体能接受,课程内容,好评
从学生角度看课程内容设计得不错总体能接受,课程内容,好评
课程内容很充实需要继续改进,课程内容,好评
这门课里课程内容非常实用需要继续改进,课程内容,好评
整体来看上课内容很有价值需要继续改进,课程内容,好评
从学习体验来说课程知识点安排得很好需要继续改进,课程内容,好评
就个人感受而言课程内容比较新颖需要继续改进,课程内容,好评
这学期上下来课程内容很有深度需要继续改进,课程内容,好评
按我的体验教学内容非常丰富需要继续改进,课程内容,好评
结合平时上课情况课程知识结构很完整需要继续改进,课程内容,好评
从课程安排看上课内容很值得学习需要继续改进,课程内容,好评
从学生角度看课程内容设计得不错需要继续改进,课程内容,好评
课程内容很充实比我预想更明显,课程内容,好评
这门课里课程内容非常实用比我预想更明显,课程内容,好评
整体来看上课内容很有价值比我预想更明显,课程内容,好评
从学习体验来说课程知识点安排得很好比我预想更明显,课程内容,好评
就个人感受而言课程内容比较新颖比我预想更明显,课程内容,好评
这学期上下来课程内容很有深度比我预想更明显,课程内容,好评
按我的体验教学内容非常丰富比我预想更明显,课程内容,好评
结合平时上课情况课程知识结构很完整比我预想更明显,课程内容,好评
从课程安排看上课内容很值得学习比我预想更明显,课程内容,好评
从学生角度看课程内容设计得不错比我预想更明显,课程内容,好评
课程内容很充实这一点感受很直接,课程内容,好评
这门课里课程内容非常实用这一点感受很直接,课程内容,好评
整体来看上课内容很有价值这一点感受很直接,课程内容,好评
从学习体验来说课程知识点安排得很好这一点感受很直接,课程内容,好评
就个人感受而言课程内容比较新颖这一点感受很直接,课程内容,好评
这学期上下来课程内容很有深度这一点感受很直接,课程内容,好评
按我的体验教学内容非常丰富这一点感受很直接,课程内容,好评
结合平时上课情况课程知识结构很完整这一点感受很直接,课程内容,好评
从课程安排看上课内容很值得学习这一点感受很直接,课程内容,好评
从学生角度看课程内容设计得不错这一点感受很直接,课程内容,好评
课程内容很充实我能明显感觉到,课程内容,好评
这门课里课程内容非常实用我能明显感觉到,课程内容,好评
整体来看上课内容很有价值我能明显感觉到,课程内容,好评
从学习体验来说课程知识点安排得很好我能明显感觉到,课程内容,好评
就个人感受而言课程内容比较新颖我能明显感觉到,课程内容,好评
这学期上下来课程内容很有深度我能明显感觉到,课程内容,好评
按我的体验教学内容非常丰富我能明显感觉到,课程内容,好评
结合平时上课情况课程知识结构很完整我能明显感觉到,课程内容,好评
从课程安排看上课内容很值得学习我能明显感觉到,课程内容,好评
从学生角度看课程内容设计得不错我能明显感觉到,课程内容,好评
课程内容很充实这一点比较突出,课程内容,好评
这门课里课程内容非常实用这一点比较突出,课程内容,好评
整体来看上课内容很有价值这一点比较突出,课程内容,好评
从学习体验来说课程知识点安排得很好这一点比较突出,课程内容,好评
就个人感受而言课程内容比较新颖这一点比较突出,课程内容,好评
这学期上下来课程内容很有深度这一点比较突出,课程内容,好评
按我的体验教学内容非常丰富这一点比较突出,课程内容,好评
结合平时上课情况课程知识结构很完整这一点比较突出,课程内容,好评
从课程安排看上课内容很值得学习这一点比较突出,课程内容,好评
从学生角度看课程内容设计得不错这一点比较突出,课程内容,好评
课程内容比较一般,课程内容,中评
这门课里上课内容中规中矩,课程内容,中评
整体来看课程知识点没有太大亮点,课程内容,中评
从学习体验来说课程内容算是正常,课程内容,中评
就个人感受而言上课内容整体一般,课程内容,中评
这学期上下来课程内容不算差也不算好,课程内容,中评
按我的体验教学内容比较普通,课程内容,中评
结合平时上课情况课程知识结构比较常规,课程内容,中评
从课程安排看上课内容还可以接受,课程内容,中评
从学生角度看课程内容平平,课程内容,中评
课程内容比较一般让我印象不错,课程内容,中评
这门课里上课内容中规中矩让我印象不错,课程内容,中评
整体来看课程知识点没有太大亮点让我印象不错,课程内容,中评
从学习体验来说课程内容算是正常让我印象不错,课程内容,中评
就个人感受而言上课内容整体一般让我印象不错,课程内容,中评
这学期上下来课程内容不算差也不算好让我印象不错,课程内容,中评
按我的体验教学内容比较普通让我印象不错,课程内容,中评
结合平时上课情况课程知识结构比较常规让我印象不错,课程内容,中评
从课程安排看上课内容还可以接受让我印象不错,课程内容,中评
从学生角度看课程内容平平让我印象不错,课程内容,中评
课程内容比较一般总体能接受,课程内容,中评
这门课里上课内容中规中矩总体能接受,课程内容,中评
整体来看课程知识点没有太大亮点总体能接受,课程内容,中评
从学习体验来说课程内容算是正常总体能接受,课程内容,中评
就个人感受而言上课内容整体一般总体能接受,课程内容,中评
这学期上下来课程内容不算差也不算好总体能接受,课程内容,中评
按我的体验教学内容比较普通总体能接受,课程内容,中评
结合平时上课情况课程知识结构比较常规总体能接受,课程内容,中评
从课程安排看上课内容还可以接受总体能接受,课程内容,中评
从学生角度看课程内容平平总体能接受,课程内容,中评
课程内容比较一般需要继续改进,课程内容,中评
这门课里上课内容中规中矩需要继续改进,课程内容,中评
整体来看课程知识点没有太大亮点需要继续改进,课程内容,中评
从学习体验来说课程内容算是正常需要继续改进,课程内容,中评
就个人感受而言上课内容整体一般需要继续改进,课程内容,中评
这学期上下来课程内容不算差也不算好需要继续改进,课程内容,中评
按我的体验教学内容比较普通需要继续改进,课程内容,中评
结合平时上课情况课程知识结构比较常规需要继续改进,课程内容,中评
从课程安排看上课内容还可以接受需要继续改进,课程内容,中评
从学生角度看课程内容平平需要继续改进,课程内容,中评
课程内容比较一般比我预想更明显,课程内容,中评
这门课里上课内容中规中矩比我预想更明显,课程内容,中评
整体来看课程知识点没有太大亮点比我预想更明显,课程内容,中评
从学习体验来说课程内容算是正常比我预想更明显,课程内容,中评
就个人感受而言上课内容整体一般比我预想更明显,课程内容,中评
这学期上下来课程内容不算差也不算好比我预想更明显,课程内容,中评
按我的体验教学内容比较普通比我预想更明显,课程内容,中评
结合平时上课情况课程知识结构比较常规比我预想更明显,课程内容,中评
从课程安排看上课内容还可以接受比我预想更明显,课程内容,中评
从学生角度看课程内容平平比我预想更明显,课程内容,中评
课程内容比较一般这一点感受很直接,课程内容,中评
这门课里上课内容中规中矩这一点感受很直接,课程内容,中评
整体来看课程知识点没有太大亮点这一点感受很直接,课程内容,中评
从学习体验来说课程内容算是正常这一点感受很直接,课程内容,中评
就个人感受而言上课内容整体一般这一点感受很直接,课程内容,中评
这学期上下来课程内容不算差也不算好这一点感受很直接,课程内容,中评
按我的体验教学内容比较普通这一点感受很直接,课程内容,中评
结合平时上课情况课程知识结构比较常规这一点感受很直接,课程内容,中评
从课程安排看上课内容还可以接受这一点感受很直接,课程内容,中评
从学生角度看课程内容平平这一点感受很直接,课程内容,中评
课程内容比较一般我能明显感觉到,课程内容,中评
这门课里上课内容中规中矩我能明显感觉到,课程内容,中评
整体来看课程知识点没有太大亮点我能明显感觉到,课程内容,中评
从学习体验来说课程内容算是正常我能明显感觉到,课程内容,中评
就个人感受而言上课内容整体一般我能明显感觉到,课程内容,中评
这学期上下来课程内容不算差也不算好我能明显感觉到,课程内容,中评
按我的体验教学内容比较普通我能明显感觉到,课程内容,中评
结合平时上课情况课程知识结构比较常规我能明显感觉到,课程内容,中评
从课程安排看上课内容还可以接受我能明显感觉到,课程内容,中评
从学生角度看课程内容平平我能明显感觉到,课程内容,中评
课程内容比较一般这一点比较突出,课程内容,中评
这门课里上课内容中规中矩这一点比较突出,课程内容,中评
整体来看课程知识点没有太大亮点这一点比较突出,课程内容,中评
从学习体验来说课程内容算是正常这一点比较突出,课程内容,中评
就个人感受而言上课内容整体一般这一点比较突出,课程内容,中评
这学期上下来课程内容不算差也不算好这一点比较突出,课程内容,中评
按我的体验教学内容比较普通这一点比较突出,课程内容,中评
结合平时上课情况课程知识结构比较常规这一点比较突出,课程内容,中评
从课程安排看上课内容还可以接受这一点比较突出,课程内容,中评
从学生角度看课程内容平平这一点比较突出,课程内容,中评
课程内容比较空泛,课程内容,差评
这门课里上课内容有些枯燥,课程内容,差评
整体来看课程知识点比较陈旧,课程内容,差评
从学习体验来说课程内容不够实用,课程内容,差评
就个人感受而言上课内容比较浅,课程内容,差评
这学期上下来课程内容缺少重点,课程内容,差评
按我的体验教学内容有点单薄,课程内容,差评
结合平时上课情况课程知识结构不够完整,课程内容,差评
从课程安排看上课内容没什么收获,课程内容,差评
从学生角度看课程内容质量偏低,课程内容,差评
课程内容比较空泛让我印象不错,课程内容,差评
这门课里上课内容有些枯燥让我印象不错,课程内容,差评
整体来看课程知识点比较陈旧让我印象不错,课程内容,差评
从学习体验来说课程内容不够实用让我印象不错,课程内容,差评
就个人感受而言上课内容比较浅让我印象不错,课程内容,差评
这学期上下来课程内容缺少重点让我印象不错,课程内容,差评
按我的体验教学内容有点单薄让我印象不错,课程内容,差评
结合平时上课情况课程知识结构不够完整让我印象不错,课程内容,差评
从课程安排看上课内容没什么收获让我印象不错,课程内容,差评
从学生角度看课程内容质量偏低让我印象不错,课程内容,差评
课程内容比较空泛总体能接受,课程内容,差评
这门课里上课内容有些枯燥总体能接受,课程内容,差评
整体来看课程知识点比较陈旧总体能接受,课程内容,差评
从学习体验来说课程内容不够实用总体能接受,课程内容,差评
就个人感受而言上课内容比较浅总体能接受,课程内容,差评
这学期上下来课程内容缺少重点总体能接受,课程内容,差评
按我的体验教学内容有点单薄总体能接受,课程内容,差评
结合平时上课情况课程知识结构不够完整总体能接受,课程内容,差评
从课程安排看上课内容没什么收获总体能接受,课程内容,差评
从学生角度看课程内容质量偏低总体能接受,课程内容,差评
课程内容比较空泛需要继续改进,课程内容,差评
这门课里上课内容有些枯燥需要继续改进,课程内容,差评
整体来看课程知识点比较陈旧需要继续改进,课程内容,差评
从学习体验来说课程内容不够实用需要继续改进,课程内容,差评
就个人感受而言上课内容比较浅需要继续改进,课程内容,差评
这学期上下来课程内容缺少重点需要继续改进,课程内容,差评
按我的体验教学内容有点单薄需要继续改进,课程内容,差评
结合平时上课情况课程知识结构不够完整需要继续改进,课程内容,差评
从课程安排看上课内容没什么收获需要继续改进,课程内容,差评
从学生角度看课程内容质量偏低需要继续改进,课程内容,差评
课程内容比较空泛比我预想更明显,课程内容,差评
这门课里上课内容有些枯燥比我预想更明显,课程内容,差评
整体来看课程知识点比较陈旧比我预想更明显,课程内容,差评
从学习体验来说课程内容不够实用比我预想更明显,课程内容,差评
就个人感受而言上课内容比较浅比我预想更明显,课程内容,差评
这学期上下来课程内容缺少重点比我预想更明显,课程内容,差评
按我的体验教学内容有点单薄比我预想更明显,课程内容,差评
结合平时上课情况课程知识结构不够完整比我预想更明显,课程内容,差评
从课程安排看上课内容没什么收获比我预想更明显,课程内容,差评
从学生角度看课程内容质量偏低比我预想更明显,课程内容,差评
课程内容比较空泛这一点感受很直接,课程内容,差评
这门课里上课内容有些枯燥这一点感受很直接,课程内容,差评
整体来看课程知识点比较陈旧这一点感受很直接,课程内容,差评
从学习体验来说课程内容不够实用这一点感受很直接,课程内容,差评
就个人感受而言上课内容比较浅这一点感受很直接,课程内容,差评
这学期上下来课程内容缺少重点这一点感受很直接,课程内容,差评
按我的体验教学内容有点单薄这一点感受很直接,课程内容,差评
结合平时上课情况课程知识结构不够完整这一点感受很直接,课程内容,差评
从课程安排看上课内容没什么收获这一点感受很直接,课程内容,差评
从学生角度看课程内容质量偏低这一点感受很直接,课程内容,差评
课程内容比较空泛我能明显感觉到,课程内容,差评
这门课里上课内容有些枯燥我能明显感觉到,课程内容,差评
整体来看课程知识点比较陈旧我能明显感觉到,课程内容,差评
从学习体验来说课程内容不够实用我能明显感觉到,课程内容,差评
就个人感受而言上课内容比较浅我能明显感觉到,课程内容,差评
这学期上下来课程内容缺少重点我能明显感觉到,课程内容,差评
按我的体验教学内容有点单薄我能明显感觉到,课程内容,差评
结合平时上课情况课程知识结构不够完整我能明显感觉到,课程内容,差评
从课程安排看上课内容没什么收获我能明显感觉到,课程内容,差评
从学生角度看课程内容质量偏低我能明显感觉到,课程内容,差评
课程内容比较空泛这一点比较突出,课程内容,差评
这门课里上课内容有些枯燥这一点比较突出,课程内容,差评
整体来看课程知识点比较陈旧这一点比较突出,课程内容,差评
从学习体验来说课程内容不够实用这一点比较突出,课程内容,差评
就个人感受而言上课内容比较浅这一点比较突出,课程内容,差评
这学期上下来课程内容缺少重点这一点比较突出,课程内容,差评
按我的体验教学内容有点单薄这一点比较突出,课程内容,差评
结合平时上课情况课程知识结构不够完整这一点比较突出,课程内容,差评
从课程安排看上课内容没什么收获这一点比较突出,课程内容,差评
从学生角度看课程内容质量偏低这一点比较突出,课程内容,差评
考试难度比较合理,考试难度,好评
这门课里考试整体不算难,考试难度,好评
整体来看期末题目难度适中,考试难度,好评
从学习体验来说考试安排比较友好,考试难度,好评
就个人感受而言考试内容比较基础,考试难度,好评
这学期上下来试卷难度控制得不错,考试难度,好评
按我的体验考试范围比较明确,考试难度,好评
结合平时上课情况考试不会特别难,考试难度,好评
从课程安排看期末复习压力不大,考试难度,好评
从学生角度看考试题目比较常规,考试难度,好评
考试难度比较合理让我印象不错,考试难度,好评
这门课里考试整体不算难让我印象不错,考试难度,好评
整体来看期末题目难度适中让我印象不错,考试难度,好评
从学习体验来说考试安排比较友好让我印象不错,考试难度,好评
就个人感受而言考试内容比较基础让我印象不错,考试难度,好评
这学期上下来试卷难度控制得不错让我印象不错,考试难度,好评
按我的体验考试范围比较明确让我印象不错,考试难度,好评
结合平时上课情况考试不会特别难让我印象不错,考试难度,好评
从课程安排看期末复习压力不大让我印象不错,考试难度,好评
从学生角度看考试题目比较常规让我印象不错,考试难度,好评
考试难度比较合理总体能接受,考试难度,好评
这门课里考试整体不算难总体能接受,考试难度,好评
整体来看期末题目难度适中总体能接受,考试难度,好评
从学习体验来说考试安排比较友好总体能接受,考试难度,好评
就个人感受而言考试内容比较基础总体能接受,考试难度,好评
这学期上下来试卷难度控制得不错总体能接受,考试难度,好评
按我的体验考试范围比较明确总体能接受,考试难度,好评
结合平时上课情况考试不会特别难总体能接受,考试难度,好评
从课程安排看期末复习压力不大总体能接受,考试难度,好评
从学生角度看考试题目比较常规总体能接受,考试难度,好评
考试难度比较合理需要继续改进,考试难度,好评
这门课里考试整体不算难需要继续改进,考试难度,好评
整体来看期末题目难度适中需要继续改进,考试难度,好评
从学习体验来说考试安排比较友好需要继续改进,考试难度,好评
就个人感受而言考试内容比较基础需要继续改进,考试难度,好评
这学期上下来试卷难度控制得不错需要继续改进,考试难度,好评
按我的体验考试范围比较明确需要继续改进,考试难度,好评
结合平时上课情况考试不会特别难需要继续改进,考试难度,好评
从课程安排看期末复习压力不大需要继续改进,考试难度,好评
从学生角度看考试题目比较常规需要继续改进,考试难度,好评
考试难度比较合理比我预想更明显,考试难度,好评
这门课里考试整体不算难比我预想更明显,考试难度,好评
整体来看期末题目难度适中比我预想更明显,考试难度,好评
从学习体验来说考试安排比较友好比我预想更明显,考试难度,好评
就个人感受而言考试内容比较基础比我预想更明显,考试难度,好评
这学期上下来试卷难度控制得不错比我预想更明显,考试难度,好评
按我的体验考试范围比较明确比我预想更明显,考试难度,好评
结合平时上课情况考试不会特别难比我预想更明显,考试难度,好评
从课程安排看期末复习压力不大比我预想更明显,考试难度,好评
从学生角度看考试题目比较常规比我预想更明显,考试难度,好评
考试难度比较合理这一点感受很直接,考试难度,好评
这门课里考试整体不算难这一点感受很直接,考试难度,好评
整体来看期末题目难度适中这一点感受很直接,考试难度,好评
从学习体验来说考试安排比较友好这一点感受很直接,考试难度,好评
就个人感受而言考试内容比较基础这一点感受很直接,考试难度,好评
这学期上下来试卷难度控制得不错这一点感受很直接,考试难度,好评
按我的体验考试范围比较明确这一点感受很直接,考试难度,好评
结合平时上课情况考试不会特别难这一点感受很直接,考试难度,好评
从课程安排看期末复习压力不大这一点感受很直接,考试难度,好评
从学生角度看考试题目比较常规这一点感受很直接,考试难度,好评
考试难度比较合理我能明显感觉到,考试难度,好评
这门课里考试整体不算难我能明显感觉到,考试难度,好评
整体来看期末题目难度适中我能明显感觉到,考试难度,好评
从学习体验来说考试安排比较友好我能明显感觉到,考试难度,好评
就个人感受而言考试内容比较基础我能明显感觉到,考试难度,好评
这学期上下来试卷难度控制得不错我能明显感觉到,考试难度,好评
按我的体验考试范围比较明确我能明显感觉到,考试难度,好评
结合平时上课情况考试不会特别难我能明显感觉到,考试难度,好评
从课程安排看期末复习压力不大我能明显感觉到,考试难度,好评
从学生角度看考试题目比较常规我能明显感觉到,考试难度,好评
考试难度比较合理这一点比较突出,考试难度,好评
这门课里考试整体不算难这一点比较突出,考试难度,好评
整体来看期末题目难度适中这一点比较突出,考试难度,好评
从学习体验来说考试安排比较友好这一点比较突出,考试难度,好评
就个人感受而言考试内容比较基础这一点比较突出,考试难度,好评
这学期上下来试卷难度控制得不错这一点比较突出,考试难度,好评
按我的体验考试范围比较明确这一点比较突出,考试难度,好评
结合平时上课情况考试不会特别难这一点比较突出,考试难度,好评
从课程安排看期末复习压力不大这一点比较突出,考试难度,好评
从学生角度看考试题目比较常规这一点比较突出,考试难度,好评
考试难度比较一般,考试难度,中评
这门课里期末题目中规中矩,考试难度,中评
整体来看考试整体还算正常,考试难度,中评
从学习体验来说考试安排没有太大问题,考试难度,中评
就个人感受而言考试内容难度一般,考试难度,中评
这学期上下来试卷难度比较普通,考试难度,中评
按我的体验考试范围算是合理,考试难度,中评
结合平时上课情况考试不算简单也不算难,考试难度,中评
从课程安排看期末复习压力一般,考试难度,中评
从学生角度看考试题目整体一般,考试难度,中评
考试难度比较一般让我印象不错,考试难度,中评
这门课里期末题目中规中矩让我印象不错,考试难度,中评
整体来看考试整体还算正常让我印象不错,考试难度,中评
从学习体验来说考试安排没有太大问题让我印象不错,考试难度,中评
就个人感受而言考试内容难度一般让我印象不错,考试难度,中评
这学期上下来试卷难度比较普通让我印象不错,考试难度,中评
按我的体验考试范围算是合理让我印象不错,考试难度,中评
结合平时上课情况考试不算简单也不算难让我印象不错,考试难度,中评
从课程安排看期末复习压力一般让我印象不错,考试难度,中评
从学生角度看考试题目整体一般让我印象不错,考试难度,中评
考试难度比较一般总体能接受,考试难度,中评
这门课里期末题目中规中矩总体能接受,考试难度,中评
整体来看考试整体还算正常总体能接受,考试难度,中评
从学习体验来说考试安排没有太大问题总体能接受,考试难度,中评
就个人感受而言考试内容难度一般总体能接受,考试难度,中评
这学期上下来试卷难度比较普通总体能接受,考试难度,中评
按我的体验考试范围算是合理总体能接受,考试难度,中评
结合平时上课情况考试不算简单也不算难总体能接受,考试难度,中评
从课程安排看期末复习压力一般总体能接受,考试难度,中评
从学生角度看考试题目整体一般总体能接受,考试难度,中评
考试难度比较一般需要继续改进,考试难度,中评
这门课里期末题目中规中矩需要继续改进,考试难度,中评
整体来看考试整体还算正常需要继续改进,考试难度,中评
从学习体验来说考试安排没有太大问题需要继续改进,考试难度,中评
就个人感受而言考试内容难度一般需要继续改进,考试难度,中评
这学期上下来试卷难度比较普通需要继续改进,考试难度,中评
按我的体验考试范围算是合理需要继续改进,考试难度,中评
结合平时上课情况考试不算简单也不算难需要继续改进,考试难度,中评
从课程安排看期末复习压力一般需要继续改进,考试难度,中评
从学生角度看考试题目整体一般需要继续改进,考试难度,中评
考试难度比较一般比我预想更明显,考试难度,中评
这门课里期末题目中规中矩比我预想更明显,考试难度,中评
整体来看考试整体还算正常比我预想更明显,考试难度,中评
从学习体验来说考试安排没有太大问题比我预想更明显,考试难度,中评
就个人感受而言考试内容难度一般比我预想更明显,考试难度,中评
这学期上下来试卷难度比较普通比我预想更明显,考试难度,中评
按我的体验考试范围算是合理比我预想更明显,考试难度,中评
结合平时上课情况考试不算简单也不算难比我预想更明显,考试难度,中评
从课程安排看期末复习压力一般比我预想更明显,考试难度,中评
从学生角度看考试题目整体一般比我预想更明显,考试难度,中评
考试难度比较一般这一点感受很直接,考试难度,中评
这门课里期末题目中规中矩这一点感受很直接,考试难度,中评
整体来看考试整体还算正常这一点感受很直接,考试难度,中评
从学习体验来说考试安排没有太大问题这一点感受很直接,考试难度,中评
就个人感受而言考试内容难度一般这一点感受很直接,考试难度,中评
这学期上下来试卷难度比较普通这一点感受很直接,考试难度,中评
按我的体验考试范围算是合理这一点感受很直接,考试难度,中评
结合平时上课情况考试不算简单也不算难这一点感受很直接,考试难度,中评
从课程安排看期末复习压力一般这一点感受很直接,考试难度,中评
从学生角度看考试题目整体一般这一点感受很直接,考试难度,中评
考试难度比较一般我能明显感觉到,考试难度,中评
这门课里期末题目中规中矩我能明显感觉到,考试难度,中评
整体来看考试整体还算正常我能明显感觉到,考试难度,中评
从学习体验来说考试安排没有太大问题我能明显感觉到,考试难度,中评
就个人感受而言考试内容难度一般我能明显感觉到,考试难度,中评
这学期上下来试卷难度比较普通我能明显感觉到,考试难度,中评
按我的体验考试范围算是合理我能明显感觉到,考试难度,中评
结合平时上课情况考试不算简单也不算难我能明显感觉到,考试难度,中评
从课程安排看期末复习压力一般我能明显感觉到,考试难度,中评
从学生角度看考试题目整体一般我能明显感觉到,考试难度,中评
考试难度比较一般这一点比较突出,考试难度,中评
这门课里期末题目中规中矩这一点比较突出,考试难度,中评
整体来看考试整体还算正常这一点比较突出,考试难度,中评
从学习体验来说考试安排没有太大问题这一点比较突出,考试难度,中评
就个人感受而言考试内容难度一般这一点比较突出,考试难度,中评
这学期上下来试卷难度比较普通这一点比较突出,考试难度,中评
按我的体验考试范围算是合理这一点比较突出,考试难度,中评
结合平时上课情况考试不算简单也不算难这一点比较突出,考试难度,中评
从课程安排看期末复习压力一般这一点比较突出,考试难度,中评
从学生角度看考试题目整体一般这一点比较突出,考试难度,中评
考试难度有点高,考试难度,差评
这门课里期末题目比较难,考试难度,差评
整体来看考试整体偏难,考试难度,差评
从学习体验来说考试安排不太友好,考试难度,差评
就个人感受而言考试内容超出预期,考试难度,差评
这学期上下来试卷难度明显偏大,考试难度,差评
按我的体验考试范围不够明确,考试难度,差评
结合平时上课情况考试做起来很吃力,考试难度,差评
从课程安排看期末复习压力很大,考试难度,差评
从学生角度看考试题目太难了,考试难度,差评
考试难度有点高让我印象不错,考试难度,差评
这门课里期末题目比较难让我印象不错,考试难度,差评
整体来看考试整体偏难让我印象不错,考试难度,差评
从学习体验来说考试安排不太友好让我印象不错,考试难度,差评
就个人感受而言考试内容超出预期让我印象不错,考试难度,差评
这学期上下来试卷难度明显偏大让我印象不错,考试难度,差评
按我的体验考试范围不够明确让我印象不错,考试难度,差评
结合平时上课情况考试做起来很吃力让我印象不错,考试难度,差评
从课程安排看期末复习压力很大让我印象不错,考试难度,差评
从学生角度看考试题目太难了让我印象不错,考试难度,差评
考试难度有点高总体能接受,考试难度,差评
这门课里期末题目比较难总体能接受,考试难度,差评
整体来看考试整体偏难总体能接受,考试难度,差评
从学习体验来说考试安排不太友好总体能接受,考试难度,差评
就个人感受而言考试内容超出预期总体能接受,考试难度,差评
这学期上下来试卷难度明显偏大总体能接受,考试难度,差评
按我的体验考试范围不够明确总体能接受,考试难度,差评
结合平时上课情况考试做起来很吃力总体能接受,考试难度,差评
从课程安排看期末复习压力很大总体能接受,考试难度,差评
从学生角度看考试题目太难了总体能接受,考试难度,差评
考试难度有点高需要继续改进,考试难度,差评
这门课里期末题目比较难需要继续改进,考试难度,差评
整体来看考试整体偏难需要继续改进,考试难度,差评
从学习体验来说考试安排不太友好需要继续改进,考试难度,差评
就个人感受而言考试内容超出预期需要继续改进,考试难度,差评
这学期上下来试卷难度明显偏大需要继续改进,考试难度,差评
按我的体验考试范围不够明确需要继续改进,考试难度,差评
结合平时上课情况考试做起来很吃力需要继续改进,考试难度,差评
从课程安排看期末复习压力很大需要继续改进,考试难度,差评
从学生角度看考试题目太难了需要继续改进,考试难度,差评
考试难度有点高比我预想更明显,考试难度,差评
这门课里期末题目比较难比我预想更明显,考试难度,差评
整体来看考试整体偏难比我预想更明显,考试难度,差评
从学习体验来说考试安排不太友好比我预想更明显,考试难度,差评
就个人感受而言考试内容超出预期比我预想更明显,考试难度,差评
这学期上下来试卷难度明显偏大比我预想更明显,考试难度,差评
按我的体验考试范围不够明确比我预想更明显,考试难度,差评
结合平时上课情况考试做起来很吃力比我预想更明显,考试难度,差评
从课程安排看期末复习压力很大比我预想更明显,考试难度,差评
从学生角度看考试题目太难了比我预想更明显,考试难度,差评
考试难度有点高这一点感受很直接,考试难度,差评
这门课里期末题目比较难这一点感受很直接,考试难度,差评
整体来看考试整体偏难这一点感受很直接,考试难度,差评
从学习体验来说考试安排不太友好这一点感受很直接,考试难度,差评
就个人感受而言考试内容超出预期这一点感受很直接,考试难度,差评
这学期上下来试卷难度明显偏大这一点感受很直接,考试难度,差评
按我的体验考试范围不够明确这一点感受很直接,考试难度,差评
结合平时上课情况考试做起来很吃力这一点感受很直接,考试难度,差评
从课程安排看期末复习压力很大这一点感受很直接,考试难度,差评
从学生角度看考试题目太难了这一点感受很直接,考试难度,差评
考试难度有点高我能明显感觉到,考试难度,差评
这门课里期末题目比较难我能明显感觉到,考试难度,差评
整体来看考试整体偏难我能明显感觉到,考试难度,差评
从学习体验来说考试安排不太友好我能明显感觉到,考试难度,差评
就个人感受而言考试内容超出预期我能明显感觉到,考试难度,差评
这学期上下来试卷难度明显偏大我能明显感觉到,考试难度,差评
按我的体验考试范围不够明确我能明显感觉到,考试难度,差评
结合平时上课情况考试做起来很吃力我能明显感觉到,考试难度,差评
从课程安排看期末复习压力很大我能明显感觉到,考试难度,差评
从学生角度看考试题目太难了我能明显感觉到,考试难度,差评
考试难度有点高这一点比较突出,考试难度,差评
这门课里期末题目比较难这一点比较突出,考试难度,差评
整体来看考试整体偏难这一点比较突出,考试难度,差评
从学习体验来说考试安排不太友好这一点比较突出,考试难度,差评
就个人感受而言考试内容超出预期这一点比较突出,考试难度,差评
这学期上下来试卷难度明显偏大这一点比较突出,考试难度,差评
按我的体验考试范围不够明确这一点比较突出,考试难度,差评
结合平时上课情况考试做起来很吃力这一点比较突出,考试难度,差评
从课程安排看期末复习压力很大这一点比较突出,考试难度,差评
从学生角度看考试题目太难了这一点比较突出,考试难度,差评
老师上课讲得特别明白,教学质量,好评
老师讲课还算可以,教学质量,中评
老师讲课经常让人听不懂,教学质量,差评
作业数量安排得很合适,作业负担,好评
作业量处在正常范围,作业负担,中评
作业多到有些吃不消,作业负担,差评
课程内容安排得很丰富,课程内容,好评
课程内容没有特别突出,课程内容,中评
课程内容偏旧而且偏浅,课程内容,差评
考试题目整体比较友好,考试难度,好评
考试难度维持在正常水平,考试难度,中评
考试题目明显超纲偏难,考试难度,差评
老师上课讲得特别明白,教学质量,好评
老师讲课还算可以,教学质量,中评
老师讲课经常让人听不懂,教学质量,差评
作业数量安排得很合适,作业负担,好评
作业量处在正常范围,作业负担,中评
作业多到有些吃不消,作业负担,差评
课程内容安排得很丰富,课程内容,好评
课程内容没有特别突出,课程内容,中评
课程内容偏旧而且偏浅,课程内容,差评
考试题目整体比较友好,考试难度,好评
考试难度维持在正常水平,考试难度,中评
考试题目明显超纲偏难,考试难度,差评
老师上课讲得特别明白,教学质量,好评
老师讲课还算可以,教学质量,中评
老师讲课经常让人听不懂,教学质量,差评
作业数量安排得很合适,作业负担,好评
作业量处在正常范围,作业负担,中评
作业多到有些吃不消,作业负担,差评
课程内容安排得很丰富,课程内容,好评
课程内容没有特别突出,课程内容,中评
课程内容偏旧而且偏浅,课程内容,差评
考试题目整体比较友好,考试难度,好评
考试难度维持在正常水平,考试难度,中评
考试题目明显超纲偏难,考试难度,差评
课堂讲解让我学得很顺,教学质量,好评
平时听课体验比较普通,教学质量,中评
授课过程让我常常跟不上,教学质量,差评
课后任务安排比较轻松,作业负担,好评
